table_name,date,size_mb,rows,action
monitor_combine_20260309,2026-03-09,0.1,234,archive_then_drop
monitor_combine_20260310,2026-03-10,0.1,212,archive_then_drop
monitor_combine_20260311,2026-03-11,0.2,529,archive_then_drop
monitor_combine_20260320,2026-03-20,0.4,534,archive_then_drop
monitor_combine_20260323,2026-03-23,0.0,4,archive_then_drop
monitor_combine_20260324,2026-03-24,0.1,45,archive_then_drop
monitor_combine_20260325,2026-03-25,0.1,100,archive_then_drop
monitor_combine_20260326,2026-03-26,0.1,73,archive_then_drop
monitor_combine_20260327,2026-03-27,0.1,109,archive_then_drop
monitor_combine_20260330,2026-03-30,0.1,81,archive_then_drop
monitor_combine_20260331,2026-03-31,0.1,119,archive_then_drop
monitor_combine_20260401,2026-04-01,0.1,90,archive_then_drop
monitor_combine_20260402,2026-04-02,0.1,145,archive_then_drop
monitor_combine_20260403,2026-04-03,0.2,265,archive_then_drop
monitor_combine_20260407,2026-04-07,0.0,25,archive_then_drop
monitor_combine_20260408,2026-04-08,0.1,53,archive_then_drop
monitor_combine_20260409,2026-04-09,0.2,228,archive_then_drop
monitor_combine_20260410,2026-04-10,0.0,11,archive_then_drop
monitor_combine_20260413,2026-04-13,0.1,118,archive_then_drop
monitor_combine_20260414,2026-04-14,0.1,208,archive_then_drop
monitor_gp_apqd_20260309,2026-03-09,1.5,4522,archive_then_drop
monitor_gp_apqd_20260310,2026-03-10,1.5,4590,archive_then_drop
monitor_gp_apqd_20260311,2026-03-11,1.5,4273,archive_then_drop
monitor_gp_apqd_20260312,2026-03-12,1.5,4083,archive_then_drop
monitor_gp_apqd_20260313,2026-03-13,1.5,4452,archive_then_drop
monitor_gp_apqd_20260319,2026-03-19,0.4,1507,archive_then_drop
monitor_gp_apqd_20260320,2026-03-20,1.5,4424,archive_then_drop
monitor_gp_apqd_20260323,2026-03-23,1.5,3033,archive_then_drop
monitor_gp_apqd_20260324,2026-03-24,1.5,4287,archive_then_drop
monitor_gp_apqd_20260325,2026-03-25,1.5,3492,archive_then_drop
monitor_gp_apqd_20260326,2026-03-26,1.5,4821,archive_then_drop
monitor_gp_apqd_20260327,2026-03-27,1.5,4785,archive_then_drop
monitor_gp_apqd_20260330,2026-03-30,1.5,4359,archive_then_drop
monitor_gp_apqd_20260331,2026-03-31,1.5,4642,archive_then_drop
monitor_gp_apqd_20260401,2026-04-01,1.7,3490,archive_then_drop
monitor_gp_apqd_20260402,2026-04-02,1.7,4351,archive_then_drop
monitor_gp_apqd_20260403,2026-04-03,1.7,3470,archive_then_drop
monitor_gp_apqd_20260407,2026-04-07,1.7,3846,archive_then_drop
monitor_gp_apqd_20260408,2026-04-08,1.7,4137,archive_then_drop
monitor_gp_apqd_20260409,2026-04-09,1.7,4110,archive_then_drop
monitor_gp_apqd_20260410,2026-04-10,1.7,3907,archive_then_drop
monitor_gp_apqd_20260413,2026-04-13,1.7,4447,archive_then_drop
monitor_gp_apqd_20260414,2026-04-14,1.6,3325,archive_then_drop
monitor_gp_sssj_20260309,2026-03-09,3765.0,19971460,archive_then_drop
monitor_gp_sssj_20260310,2026-03-10,4124.0,22289662,archive_then_drop
monitor_gp_sssj_20260311,2026-03-11,4189.0,22157802,archive_then_drop
monitor_gp_sssj_20260313,2026-03-13,3974.0,21314375,archive_then_drop
monitor_gp_sssj_20260319,2026-03-19,1524.0,8010341,archive_then_drop
monitor_gp_sssj_20260320,2026-03-20,4392.0,23357401,archive_then_drop
monitor_gp_sssj_20260323,2026-03-23,3360.0,17427530,archive_then_drop
monitor_gp_sssj_20260324,2026-03-24,6430.0,23735857,archive_then_drop
monitor_gp_sssj_20260325,2026-03-25,4051.0,17401776,archive_then_drop
monitor_gp_sssj_20260326,2026-03-26,5638.0,22992690,archive_then_drop
monitor_gp_sssj_20260327,2026-03-27,5423.0,22981701,archive_then_drop
monitor_gp_sssj_20260330,2026-03-30,5101.0,21440943,archive_then_drop
monitor_gp_sssj_20260331,2026-03-31,5688.0,24351412,archive_then_drop
monitor_gp_sssj_20260401,2026-04-01,4311.0,19179993,archive_then_drop
monitor_gp_sssj_20260402,2026-04-02,8037.0,22948538,archive_then_drop
monitor_gp_sssj_20260403,2026-04-03,7352.0,19817704,archive_then_drop
monitor_gp_sssj_20260407,2026-04-07,7280.0,20024622,archive_then_drop
monitor_gp_sssj_20260408,2026-04-08,7592.0,20500650,archive_then_drop
monitor_gp_sssj_20260409,2026-04-09,7845.0,21214138,archive_then_drop
monitor_gp_sssj_20260410,2026-04-10,7592.0,20471636,archive_then_drop
monitor_gp_sssj_20260413,2026-04-13,7875.0,22978184,archive_then_drop
monitor_gp_sssj_20260414,2026-04-14,2871.0,18550605,archive_then_drop
monitor_gp_top30_20260309,2026-03-09,24.6,130290,archive_then_drop
monitor_gp_top30_20260310,2026-03-10,25.6,137772,archive_then_drop
monitor_gp_top30_20260311,2026-03-11,23.6,128312,archive_then_drop
monitor_gp_top30_20260312,2026-03-12,490.0,1887439,archive_then_drop
monitor_gp_top30_20260313,2026-03-13,307.9,936732,archive_then_drop
monitor_gp_top30_20260319,2026-03-19,109.7,341922,archive_then_drop
monitor_gp_top30_20260320,2026-03-20,4.5,12642,archive_then_drop
monitor_gp_top30_20260323,2026-03-23,0.4,1241,archive_then_drop
monitor_gp_top30_20260324,2026-03-24,4.5,11030,archive_then_drop
monitor_gp_top30_20260325,2026-03-25,3.5,10377,archive_then_drop
monitor_gp_top30_20260326,2026-03-26,3.5,10241,archive_then_drop
monitor_gp_top30_20260327,2026-03-27,4.5,13118,archive_then_drop
monitor_gp_top30_20260330,2026-03-30,4.5,11111,archive_then_drop
monitor_gp_top30_20260331,2026-03-31,3.5,10130,archive_then_drop
monitor_gp_top30_20260401,2026-04-01,5.0,10791,archive_then_drop
monitor_gp_top30_20260402,2026-04-02,6.0,11388,archive_then_drop
monitor_gp_top30_20260403,2026-04-03,6.0,13069,archive_then_drop
monitor_gp_top30_20260407,2026-04-07,6.0,12678,archive_then_drop
monitor_gp_top30_20260408,2026-04-08,4.0,10341,archive_then_drop
monitor_gp_top30_20260409,2026-04-09,6.0,11405,archive_then_drop
monitor_gp_top30_20260410,2026-04-10,6.0,11209,archive_then_drop
monitor_gp_top30_20260413,2026-04-13,6.0,12672,archive_then_drop
monitor_gp_top30_20260414,2026-04-14,3.8,13791,archive_then_drop
monitor_gp_zq_rising_signal_20260325,2026-03-25,0.0,16,archive_then_drop
monitor_hy_apqd_20260309,2026-03-09,1.5,4007,archive_then_drop
monitor_hy_apqd_20260310,2026-03-10,1.5,4544,archive_then_drop
monitor_hy_apqd_20260311,2026-03-11,1.5,4253,archive_then_drop
monitor_hy_apqd_20260313,2026-03-13,1.5,4227,archive_then_drop
monitor_hy_apqd_20260319,2026-03-19,0.2,815,archive_then_drop
monitor_hy_apqd_20260320,2026-03-20,1.5,3574,archive_then_drop
monitor_hy_apqd_20260323,2026-03-23,1.5,2672,archive_then_drop
monitor_hy_apqd_20260324,2026-03-24,1.5,3722,archive_then_drop
monitor_hy_apqd_20260325,2026-03-25,1.5,3309,archive_then_drop
monitor_hy_apqd_20260326,2026-03-26,1.5,3897,archive_then_drop
monitor_hy_apqd_20260327,2026-03-27,1.5,4522,archive_then_drop
monitor_hy_apqd_20260330,2026-03-30,1.5,4328,archive_then_drop
monitor_hy_apqd_20260331,2026-03-31,1.5,4188,archive_then_drop
monitor_hy_sssj_20260309,2026-03-09,63.6,387936,archive_then_drop
monitor_hy_sssj_20260310,2026-03-10,67.6,413568,archive_then_drop
monitor_hy_sssj_20260311,2026-03-11,70.6,425325,archive_then_drop
monitor_hy_sssj_20260312,2026-03-12,57.6,351368,archive_then_drop
monitor_hy_sssj_20260313,2026-03-13,66.6,407650,archive_then_drop
monitor_hy_sssj_20260319,2026-03-19,18.5,68564,archive_then_drop
monitor_hy_sssj_20260320,2026-03-20,65.6,359652,archive_then_drop
monitor_hy_sssj_20260323,2026-03-23,47.6,256280,archive_then_drop
monitor_hy_sssj_20260324,2026-03-24,70.6,385538,archive_then_drop
monitor_hy_sssj_20260325,2026-03-25,58.6,316910,archive_then_drop
monitor_hy_sssj_20260326,2026-03-26,64.6,352600,archive_then_drop
monitor_hy_sssj_20260327,2026-03-27,75.6,412542,archive_then_drop
monitor_hy_sssj_20260330,2026-03-30,70.6,385710,archive_then_drop
monitor_hy_sssj_20260331,2026-03-31,73.6,415414,archive_then_drop
monitor_hy_sssj_20260401,2026-04-01,54.6,328696,archive_then_drop
monitor_hy_sssj_20260402,2026-04-02,86.2,373584,archive_then_drop
monitor_hy_sssj_20260403,2026-04-03,82.2,358018,archive_then_drop
monitor_hy_sssj_20260408,2026-04-08,86.2,373584,archive_then_drop
monitor_hy_sssj_20260409,2026-04-09,86.2,375567,archive_then_drop
monitor_hy_sssj_20260413,2026-04-13,94.2,410353,archive_then_drop
monitor_hy_sssj_20260414,2026-04-14,49.1,354962,archive_then_drop
monitor_hy_top30_20260309,2026-03-09,0.0,0,archive_then_drop
monitor_hy_top30_20260310,2026-03-10,0.0,0,archive_then_drop
monitor_hy_top30_20260311,2026-03-11,0.0,0,archive_then_drop
monitor_hy_top30_20260313,2026-03-13,13.5,40195,archive_then_drop
monitor_hy_top30_20260319,2026-03-19,1.5,3852,archive_then_drop
monitor_hy_top30_20260320,2026-03-20,6.5,18747,archive_then_drop
monitor_hy_top30_20260323,2026-03-23,4.5,12925,archive_then_drop
monitor_hy_top30_20260324,2026-03-24,6.5,19482,archive_then_drop
monitor_hy_top30_20260325,2026-03-25,5.5,17806,archive_then_drop
monitor_hy_top30_20260326,2026-03-26,6.5,19654,archive_then_drop
monitor_hy_top30_20260327,2026-03-27,7.5,21982,archive_then_drop
monitor_hy_top30_20260330,2026-03-30,7.5,21378,archive_then_drop
monitor_hy_top30_20260331,2026-03-31,7.5,22729,archive_then_drop
monitor_hy_top30_20260401,2026-04-01,5.0,15992,archive_then_drop
monitor_hy_top30_20260402,2026-04-02,6.0,22050,archive_then_drop
monitor_hy_top30_20260403,2026-04-03,6.0,16950,archive_then_drop
monitor_hy_top30_20260407,2026-04-07,6.0,19767,archive_then_drop
monitor_hy_top30_20260408,2026-04-08,6.0,21792,archive_then_drop
monitor_hy_top30_20260409,2026-04-09,6.0,20701,archive_then_drop
monitor_hy_top30_20260410,2026-04-10,7.0,21249,archive_then_drop
monitor_hy_top30_20260413,2026-04-13,7.0,21457,archive_then_drop
monitor_hy_top30_20260414,2026-04-14,3.9,16896,archive_then_drop
monitor_zq_apqd_20260309,2026-03-09,1.5,4293,archive_then_drop
monitor_zq_apqd_20260310,2026-03-10,1.5,4009,archive_then_drop
monitor_zq_apqd_20260311,2026-03-11,1.5,4428,archive_then_drop
monitor_zq_apqd_20260312,2026-03-12,1.5,4260,archive_then_drop
monitor_zq_apqd_20260313,2026-03-13,1.5,3983,archive_then_drop
monitor_zq_apqd_20260319,2026-03-19,0.3,1136,archive_then_drop
monitor_zq_apqd_20260320,2026-03-20,1.5,4540,archive_then_drop
monitor_zq_apqd_20260323,2026-03-23,1.5,3241,archive_then_drop
monitor_zq_apqd_20260324,2026-03-24,1.5,4445,archive_then_drop
monitor_zq_apqd_20260325,2026-03-25,1.5,3431,archive_then_drop
monitor_zq_apqd_20260326,2026-03-26,1.5,4629,archive_then_drop
monitor_zq_apqd_20260327,2026-03-27,1.5,4508,archive_then_drop
monitor_zq_apqd_20260330,2026-03-30,1.5,4438,archive_then_drop
monitor_zq_apqd_20260331,2026-03-31,1.5,4002,archive_then_drop
monitor_zq_apqd_20260401,2026-04-01,1.5,3175,archive_then_drop
monitor_zq_apqd_20260402,2026-04-02,1.5,4492,archive_then_drop
monitor_zq_apqd_20260403,2026-04-03,1.5,4139,archive_then_drop
monitor_zq_apqd_20260407,2026-04-07,1.5,4378,archive_then_drop
monitor_zq_apqd_20260408,2026-04-08,1.5,4371,archive_then_drop
monitor_zq_apqd_20260409,2026-04-09,1.5,4661,archive_then_drop
monitor_zq_apqd_20260410,2026-04-10,1.5,4408,archive_then_drop
monitor_zq_apqd_20260413,2026-04-13,1.5,4761,archive_then_drop
monitor_zq_apqd_20260414,2026-04-14,1.5,3353,archive_then_drop
monitor_zq_sssj_20260309,2026-03-09,248.8,1363530,archive_then_drop
monitor_zq_sssj_20260310,2026-03-10,261.8,1435684,archive_then_drop
monitor_zq_sssj_20260311,2026-03-11,257.8,1415388,archive_then_drop
monitor_zq_sssj_20260312,2026-03-12,308.9,1654379,archive_then_drop
monitor_zq_sssj_20260313,2026-03-13,285.8,1526919,archive_then_drop
monitor_zq_sssj_20260319,2026-03-19,66.6,399677,archive_then_drop
monitor_zq_sssj_20260320,2026-03-20,256.8,1554513,archive_then_drop
monitor_zq_sssj_20260323,2026-03-23,214.8,1187852,archive_then_drop
monitor_zq_sssj_20260324,2026-03-24,377.8,1497846,archive_then_drop
monitor_zq_sssj_20260325,2026-03-25,197.8,1190642,archive_then_drop
monitor_zq_sssj_20260326,2026-03-26,266.8,1532221,archive_then_drop
monitor_zq_sssj_20260327,2026-03-27,274.8,1510461,archive_then_drop
monitor_zq_sssj_20260330,2026-03-30,248.8,1464518,archive_then_drop
monitor_zq_sssj_20260331,2026-03-31,248.8,1417131,archive_then_drop
monitor_zq_sssj_20260401,2026-04-01,199.8,1154616,archive_then_drop
monitor_zq_sssj_20260402,2026-04-02,425.5,1423834,archive_then_drop
monitor_zq_sssj_20260403,2026-04-03,400.5,1356719,archive_then_drop
monitor_zq_sssj_20260407,2026-04-07,439.5,1427633,archive_then_drop
monitor_zq_sssj_20260408,2026-04-08,438.5,1439598,archive_then_drop
monitor_zq_sssj_20260409,2026-04-09,434.5,1442209,archive_then_drop
monitor_zq_sssj_20260410,2026-04-10,449.5,1439504,archive_then_drop
monitor_zq_sssj_20260413,2026-04-13,408.5,1441472,archive_then_drop
monitor_zq_sssj_20260414,2026-04-14,199.9,1109216,archive_then_drop
monitor_zq_top30_20260309,2026-03-09,24.6,129643,archive_then_drop
monitor_zq_top30_20260310,2026-03-10,23.6,128860,archive_then_drop
monitor_zq_top30_20260311,2026-03-11,23.6,129021,archive_then_drop
monitor_zq_top30_20260312,2026-03-12,7.5,26784,archive_then_drop
monitor_zq_top30_20260313,2026-03-13,24.6,72720,archive_then_drop
monitor_zq_top30_20260319,2026-03-19,6.5,20203,archive_then_drop
monitor_zq_top30_20260320,2026-03-20,1.5,1912,archive_then_drop
monitor_zq_top30_20260323,2026-03-23,0.1,160,archive_then_drop
monitor_zq_top30_20260324,2026-03-24,0.5,1558,archive_then_drop
monitor_zq_top30_20260325,2026-03-25,1.5,1642,archive_then_drop
monitor_zq_top30_20260326,2026-03-26,1.5,1707,archive_then_drop
monitor_zq_top30_20260327,2026-03-27,1.5,1632,archive_then_drop
monitor_zq_top30_20260330,2026-03-30,1.5,1829,archive_then_drop
monitor_zq_top30_20260331,2026-03-31,1.5,1862,archive_then_drop
monitor_zq_top30_20260401,2026-04-01,1.7,2231,archive_then_drop
monitor_zq_top30_20260402,2026-04-02,1.6,1855,archive_then_drop
monitor_zq_top30_20260403,2026-04-03,1.6,2142,archive_then_drop
monitor_zq_top30_20260407,2026-04-07,1.6,1925,archive_then_drop
monitor_zq_top30_20260408,2026-04-08,1.6,1763,archive_then_drop
monitor_zq_top30_20260409,2026-04-09,1.6,2110,archive_then_drop
monitor_zq_top30_20260410,2026-04-10,1.6,2050,archive_then_drop
monitor_zq_top30_20260413,2026-04-13,1.6,1882,archive_then_drop
monitor_zq_top30_20260414,2026-04-14,1.6,2256,archive_then_drop
